{"cameraMode":{"drawMode":0,"name":"Shaded","section":"Shading Mode"},"sceneLighting":true,"audioPlay":false,"sceneViewState":{"m_AlwaysRefresh":false,"showFog":true,"showSkybox":true,"showFlares":true,"showImageEffects":true,"showParticleSystems":true,"showVisualEffectGraphs":true,"m_FxEnabled":true},"in2DMode":false,"pivot":{"x":0.1570446491241455,"y":8.615266799926758,"z":14.802929878234864},"rotation":{"x":-0.19605626165866853,"y":0.15285658836364747,"z":-0.03095567598938942,"w":-0.968123197555542},"size":13.148063659667969,"orthographic":false}