{"cameraMode":{"drawMode":0,"name":"Shaded","section":"Shading Mode"},"sceneLighting":true,"audioPlay":false,"sceneViewState":{"m_AlwaysRefresh":false,"showFog":true,"showSkybox":true,"showFlares":true,"showImageEffects":true,"showParticleSystems":true,"showVisualEffectGraphs":true,"m_FxEnabled":true},"in2DMode":false,"pivot":{"x":19.174217224121095,"y":11.237075805664063,"z":-160.45230102539063},"rotation":{"x":0.001807220745831728,"y":0.08259826898574829,"z":-0.00011461346002761275,"w":0.9966602325439453},"size":43.72319412231445,"orthographic":false}