{"cameraMode":{"drawMode":0,"name":"Shaded","section":"Shading Mode"},"sceneLighting":true,"audioPlay":false,"sceneViewState":{"m_AlwaysRefresh":false,"showFog":true,"showSkybox":true,"showFlares":true,"showImageEffects":true,"showParticleSystems":true,"showVisualEffectGraphs":true,"m_FxEnabled":true},"in2DMode":false,"pivot":{"x":14.027787208557129,"y":2.072129964828491,"z":-177.26229858398438},"rotation":{"x":0.11597038060426712,"y":0.5971935987472534,"z":-0.08756247907876969,"w":0.7890043258666992},"size":12.016254425048829,"orthographic":false}