{"cameraMode":{"drawMode":0,"name":"Shaded","section":"Shading Mode"},"sceneLighting":false,"audioPlay":false,"sceneViewState":{"m_AlwaysRefresh":false,"showFog":true,"showSkybox":false,"showFlares":true,"showImageEffects":true,"showParticleSystems":true,"showVisualEffectGraphs":true,"m_FxEnabled":true},"in2DMode":false,"pivot":{"x":428.9224548339844,"y":311.83245849609377,"z":-11.890914916992188},"rotation":{"x":-0.1822727620601654,"y":0.012385247275233269,"z":-0.0022963806986808779,"w":-0.983180046081543},"size":181.34518432617188,"orthographic":false}